lady,tandon,179
annalisa,bognar,88
odette,meierotto,68
clarissa,banister,107
pamula,zinck,121
keturah,theroux,135
martin,baumgart,89
monet,alberg,111
vance,garafola,117
quiana,siemonsma,93
tarra,leichty,93
wesley,cotten,110
jeanine,schuerman,96
evelin,angerer,169
kelsie,trost,98
wilton,kimball,86
ricardo,schlink,89
linn,keeth,85
carola,moranda,169
annmarie,respess,90
cindie,utterback,111
granville,housden,132
florrie,veltri,94
eleanora,klinglesmith,193
pamula,winick,96
shery,circle,125
dino,luttrell,88
marylou,staggers,86
yuri,hulitt,96
antonietta,carbonneau,71
concha,landaverde,178
cherie,howman,74
rhonda,ziebol,195
rolando,kolo,129
christa,burkert,185
tora,wertheim,139
germaine,woolcock,149
selma,howells,199
weston,angelozzi,124
kendra,scivally,109
otilia,sinsabaugh,91
daron,feno,90
clarine,infantino,143
sherril,cantakis,75
lora,bremner,114
valentina,licudine,81
joella,alvalle,129
lindy,tyner,99
ettie,rysavy,140
ferne,heminover,66
belen,pahmeier,136
chance,rubie,98
rosario,jensen,69
anika,erle,123
janay,rexrode,100
milford,piker,75
carmine,marangoni,109
edyth,bishel,285
arica,sherrill,54
rosendo,verplanck,95
merle,rushford,131
krystina,gutknecht,82
calvin,dunkan,63
shella,lufkin,100
allegra,galipo,164
warren,balafoutas,77
yuette,brickles,135
sheri,klopfer,94
marry,face,144
sherron,newlin,93
elma,burda,77
carmel,manna,87
buffy,ostrowski,68
awilda,asano,84
cayla,glendenning,90
eula,bizarro,101
jeanine,roylance,61
love,mcmickle,71
coral,hemmelgarn,134
cherri,kanemoto,111
clyde,vanhoozer,109
tanesha,longley,146
altha,bushby,176
domitila,westrope,84
vannessa,mccoid,257
bobbie,makin,61
kassie,laudadio,123
claudie,bonett,81
melvin,guastella,177
demetrius,nehmer,72
brandee,pestronk,61
fermina,harrier,89
justine,vastano,88
paul,courie,163
kizzy,derosby,82
bernard,brehm,144
jenniffer,bhatnagar,92
ilse,wildermuth,143
kristie,tresler,75
angeline,schwarz,183
neva,shenberger,59
ervin,fivecoat,88
timmy,trenor,59
evelynn,cabanela,141
lonna,stoffregen,100
dion,martinetto,99
leandra,meloan,107
cecily,romito,68
taisha,schworm,147
erwin,gillice,64
bobbie,contraras,78
charline,sohm,125
byron,aeschlimann,89
zack,keeser,87
shizue,happe,183
pilar,deale,48
rochelle,gordin,64
tresa,tessier,144
ellamae,ledoux,163
darren,carlye,80
breanne,dornon,57
myrl,tumminello,226
edna,craton,73
carrie,paxman,183
sheilah,shermer,99
thresa,kempton,73
jonna,kositzke,127
claudine,rivara,95
errol,matusek,123
eliz,warholic,58
nila,lefore,127
gerald,gavula,56
dannette,ilg,117
heather,kueny,136
brandon,munstermann,66
chun,fallick,87
candida,gazzillo,86
margarita,wagler,114
marion,dennig,86
janae,degraw,91
roni,toaston,91
elease,bathrick,97
iris,pfannenstiel,160
maxwell,kotterna,73
shoshana,kastor,77
filiberto,bowen,104
jacinda,tinius,143
norman,crellin,100
regena,simmens,156
tyler,lichter,52
thaddeus,points,92
cyrus,mclafferty,109
sal,cleasby,101
horace,vanslooten,114
regina,goecke,109
brenda,mundschenk,80
pinkie,ohlhauser,94
catalina,sudo,114
mildred,berube,157
george,choi,95
cindi,schoenstein,91
carroll,heinzig,155
leonarda,tauber,69
melda,mcmahon,110
thad,slawson,145
chandra,norkus,129
tamala,coan,198
leigh,calcagino,99
mitch,elliot,84
tressa,mccullers,77
leigha,ratz,158
cori,brimer,112
epifania,rovinsky,126
shanika,tangabekyan,209
lonna,gervin,207
kellie,sebestyen,55
freeman,geiser,49
matthew,cowen,107
treasa,throssell,59
toby,alfano,110
mason,cassaday,236
britany,waegner,250
jeana,lawn,110
rosario,landaker,90
ruthanne,leverette,90
margareta,heibult,135
melina,dawoud,147
elida,heffelfinger,53
matha,herout,77
leonida,kealohanui,97
lauryn,sellner,173
dwain,buddy,50
babette,crespino,184
loree,levitre,158
meryl,hannawalt,80
dayna,hoglan,106
myrtis,cassavaugh,76
elidia,schehl,114
aleisha,buccino,72
mabelle,bellar,107
hwa,casale,143
mavis,lenk,74
mee,haydock,100
marielle,pyland,77
porter,fangmann,137
alda,roedl,180
eda,umphenour,82
chiquita,ciaccia,61
gwenda,darbro,95
timmy,mattix,80
susana,favela,116
randy,hoover,93
cleveland,neuse,133
akilah,califf,99
chung,amadio,70
emil,brinker,96
latrina,crumbley,77
jessica,frankenstein,113
zulma,scheppke,96
eladia,gelen,56
deane,freuden,229
lashay,iverson,69
harry,snedegar,111
joye,wedige,221
allyn,antoniuk,104
rose,inniss,113
kerri,hagadone,47
mikaela,althouse,55
alyse,brodmerkel,108
jonas,boshers,87
magnolia,daughtrey,195
donita,dyckman,72
marlo,orbaker,137
roselee,lattrell,87
tyisha,josue,127
del,spahr,180
myrl,cozzolino,135
eilene,dockter,166
lettie,bolten,156
julian,silvester,60
marcene,irene,94
shakira,culpepper,190
kory,goodacre,115
otha,ballejos,174
remona,gutherie,69
lieselotte,vasaure,267
lourdes,nutting,87
bernetta,manwarren,89
natividad,stacken,149
clarence,nagg,108
mazie,koutras,53
bee,gola,109
palma,shehee,168
misti,vanhyning,62
anika,buckholtz,126
salvador,gourley,88
fleta,cruickshank,80
dollie,mccollam,110
adrian,repke,57
catharine,nohe,120
isabell,sorvig,87
mia,alkire,123
jon,razey,62
syreeta,caetano,129
shenita,dorge,126
karl,stmichel,66
mendy,boekelman,181
maxine,ajose,90
johnathon,thorburn,97
mollie,bornstein,66
antony,gemberling,91
racquel,mckendrick,125
cinderella,lumba,70
earlean,herbison,71
sharita,sandoral,92
vernia,tacderan,129
gaston,arps,88
claudie,hizer,77
kenda,pastore,63
thea,fletcher,66
pinkie,johansen,159
kizzy,mcgoey,81
eleonora,lebaugh,116
maile,swirsky,109
estefana,schluter,151
annalee,fraser,167
leticia,briddick,66
grayce,cremer,66
sherly,enders,105
nakesha,bahler,82
mabel,overland,209
shiela,niksich,99
long,cherny,111
susie,demman,171
quinton,chauvette,206
erin,helfenbein,196
dee,feltmann,83
xenia,hladek,69
tifany,kertesz,63
gretta,stroer,151
courtney,asar,77
vinita,bruso,186
leonard,brosey,101
manie,oeltjen,57
antoinette,mclyman,130
stefania,lury,182
janean,silfies,164
michaela,redstone,64
evelyn,souto,171
ester,barufaldi,140
joycelyn,danniels,136
mika,farone,88
karin,deener,79
zoraida,schmitt,62
lula,tewari,83
marybelle,maselli,122
chanelle,schur,94
ardella,knewtson,51
marcel,claypoole,85
shane,hildreth,106
karly,burmside,89
mireya,picciano,141
georgette,corrice,55
mertie,westall,175
helga,swiney,83
courtney,andreu,126
drema,giaccio,184
millicent,pandya,133
nada,stockham,176
quyen,azoulay,70
cleotilde,zarr,103
verna,alexiou,109
geraldine,hoque,60
angelo,tealer,83
jone,aguado,127
sonia,lisherness,73
violette,engelbert,54
leonida,imus,110
cherry,mcelhannon,114
stephaine,fantazia,61
mitchell,bittle,74
lavonne,huard,160
merle,legere,133
henry,rodenizer,89
mayola,lehtinen,122
mazie,kolding,61
lashanda,woodley,109
michell,melanson,120
jerrell,gravenstein,122
lino,dragone,88
ngoc,horky,125
terrell,carnett,154
lili,mynnerlyn,98
lavonia,hylle,57
fabian,twilligear,75
alica,largen,103
noel,huckabay,93
glenn,laborde,138
tatum,blackstad,101
leatha,staffen,59
tresa,stathas,167
cary,espinol,79
annice,nanton,80
lamont,kube,65
deshawn,klamert,134
christin,lovvorn,117
lilli,jorn,78
lowell,morikawa,64
merlene,grabonski,163
karisa,gittler,110
deon,altum,96
moriah,blanchard,117
delia,haataja,185
bart,bozarth,108
lesa,singer,174
ramon,rampadarat,128
anja,ressler,125
anton,finnley,75
jerrod,metroka,90
jason,stehly,114
adria,allgood,82
analisa,geurts,126
kary,galbavy,81
tamie,bedlion,99
delsie,stasiuk,234
somer,torrens,154
max,martinex,77
zelda,geidner,122
george,philippon,142
paulette,sirk,111
machelle,kun,107
hannah,wermers,93
hedy,sanzenbacher,98
bryon,shoulder,79
shad,helmkamp,78
raina,lovfald,100
aurore,kawachi,101
buford,vondielingen,105
carman,kubeika,163
danyel,toland,80
catrice,leddy,73
ardell,cinkan,75
roland,dawahoya,177
zola,sanke,86
alejandra,laye,78
collene,pozzi,151
margot,pincock,75
tyrell,beyett,58
junie,marte,164
julieta,hilpert,164
migdalia,langeveld,184
valentine,yslas,215
lindsey,survis,72
wesley,cerchia,52
fritz,southern,51
francesca,hoglen,135
loura,kirwin,216
rudolf,lazio,91
kindra,garlitz,119
kristine,felkins,54
sandy,meachen,116
ma,stavis,105
rosann,iarossi,104
nila,tomkiewicz,114
hiroko,occhuizzo,111
sanjuanita,glantz,71
myrtle,gregori,77
marilou,primiano,65
helaine,wessler,90
taryn,trumm,59
wanetta,greenlun,179
tijuana,adamowski,156
rina,zorrilla,62
esteban,caldon,120
dee,hansteen,85
rachele,yakow,182
ariane,falu,69
randal,pinnix,120
ulrike,stenbeck,61
craig,verling,94
boyce,vollman,79
gayla,kittell,154
anette,battenfield,84
mitchell,estis,142
carline,derito,141
iona,trecroci,131
allyn,olynger,51
clarine,colfer,139
andera,croucher,115
mui,theule,84
olevia,sprouse,70
leena,harmison,105
dion,kipple,70
ariel,yeropoli,56
pete,lagnese,77
randell,rinnert,216
sean,hodel,100
shona,cristino,71
shaquita,sculley,69
erick,lanclos,66
debby,morosow,97
augustus,belletto,63
sharolyn,aurelia,175
georgianna,isaak,72
tequila,spoon,92
genie,noujaim,162
gracie,kanniard,98
kimiko,bloschichak,129
vernetta,vakil,192
shanta,mcgarvie,99
shawanna,devoti,59
saturnina,lapre,81
basil,ollison,104
monica,derego,104
connie,lent,63
hermina,northrup,63
jon,helker,104
crysta,poladian,146
kacy,aroche,79
gene,popat,142
glennis,hardegree,86
young,hammerstrom,164
tyesha,cloney,94
gwendolyn,nunamaker,132
diann,strohecker,116
latrice,prioleau,191
clair,yale,77
ettie,marry,151
helene,nugal,112
latoria,lenny,208
kerry,seace,67
ardella,remiszewski,129
joel,verdiguel,52
maryetta,dandrow,173
gilberto,gallington,127
janis,connarton,115
leslie,frutchey,118
caterina,sturges,86
ernest,krog,120
bradley,andrzejczyk,88
emelina,tierce,189
shirlee,mattsey,44
magaret,corino,90
hollis,mishulouin,55
ricki,alvarenga,75
dong,boches,96
jay,urbain,108
everette,bockover,66
ivana,westrick,77
darrin,berson,90
yolonda,woodfork,83
lelia,delavega,176
ferdinand,speciale,167
lois,quinchia,133
jeannetta,grenier,77
daniella,barson,99
rivka,decandia,118
krystal,brenneis,173
domenic,eubanks,86
margart,gavit,70
forrest,sahm,59
ollie,alejandro,114
ariana,cornely,175
scottie,tami,70
tomasa,marcelin,50
stephen,stenslie,120
clay,thrower,120
santina,comins,131
domenica,landham,147
ashely,verges,90
neomi,dragula,76
hosea,sloat,90
nick,anzideo,96
latesha,bevans,104
lynda,giacopelli,86
murray,bergmeier,155
maribeth,vidler,66
kristen,harns,319
audria,maletz,103
petronila,morant,82
darby,cords,72
thora,colyar,200
jade,sweney,118
kristi,sikkema,56
jaqueline,bybee,93
kristel,chandra,132
valencia,lutkus,75
charlie,ladtkow,111
kori,kelch,91
margurite,villaneva,78
rickie,breutzman,93
lamar,leszczynski,69
john,smith,129
jj,style,62
jj,style,57
jj,style,55
korab,berisha,55
joey,thebest,44
fleta,aguado,88
freeman,rovinsky,175
paulette,kirwin,72
geraldine,giaccio,134
maryetta,ressler,172
sal,jorn,166
allyn,isaak,245
antoinette,rushford,110
tamie,bognar,94
jone,silvester,292
loree,smith,160
kassie,gavula,247
shakira,poladian,202
porter,fantazia,174
catalina,hodel,79
shanta,ollison,219
melina,stenbeck,84
lavonia,dawoud,298
crysta,stockham,203
jj,hoglan,236
gene,jorn,207
mee,mccollam,122
maryetta,westall,203
anika,deener,124
ramon,bockover,155
cary,bergmeier,161
ariane,schwarz,135
genie,laye,137
chiquita,cowen,110
bernetta,longley,266
ferdinand,rushford,295
everette,baumgart,113
maryetta,swirsky,79
merle,althouse,164
buffy,kubeika,227
danyel,hagadone,219
sherly,kertesz,83
mildred,howells,255
angeline,tami,160
lindsey,survis,259
shawanna,sprouse,274
annalee,brosey,182
charline,meachen,86
chung,maletz,220
mabelle,wildermuth,127
akilah,hardegree,179
jaqueline,roylance,292
mabelle,olynger,148
maile,brodmerkel,218
george,caldon,187
donita,lumba,264
rickie,sherrill,213
marybelle,stathas,102
sherly,stehly,164
jon,dawoud,174
tyesha,devoti,111
elma,villaneva,134
quiana,meierotto,197
rhonda,sohm,250
zola,rushford,155
jeanine,geurts,280
maxwell,cowen,126
ruthanne,popat,263
nada,mcmahon,276
darrin,kubeika,124
lashanda,angelozzi,211
helene,olynger,156
dion,gittler,124
erick,mccollam,228
lindsey,amadio,219
keturah,lanclos,213
ferdinand,althouse,123
keturah,engelbert,195
caterina,fallick,297
zoraida,vastano,80
kristi,trenor,184
bernard,sudo,93
hollis,crumbley,89
gerald,housden,207
ariel,kotterna,188
kenda,hansteen,124
pilar,sculley,151
edna,kubeika,134
daniella,lent,171
johnathon,noujaim,71
ardella,tandon,102
vinita,hulitt,262
helga,prioleau,158
lavonia,brehm,118
mendy,moranda,131
myrtle,alkire,167
timmy,mccullers,90
helaine,verges,255
stephen,aurelia,237
ma,corino,155
tomasa,buckholtz,100
jeana,calcagino,74
eda,sculley,82
coral,thrower,204
belen,jensen,166
margarita,lent,219
daniella,tresler,148
deshawn,sahm,297
courtney,cristino,222
bee,hildreth,214
clarissa,stenbeck,105
merle,bowen,206
edna,meloan,270
jeana,nutting,178
tyrell,bevans,158
krystal,rampadarat,107
lesa,thebest,95
demetrius,herbison,166
shenita,yeropoli,280
domitila,tomkiewicz,238
hosea,mckendrick,105
annalee,torrens,154
jeana,tandon,242
joycelyn,bizarro,145
brandee,bahler,87
dion,slawson,264
domenica,gregori,288
leslie,woolcock,279
kassie,overland,118
delsie,primiano,231
merlene,burmside,264
kerry,belletto,211
jj,casale,144
clarine,herout,159
margareta,yeropoli,219
epifania,hammerstrom,190
annmarie,cords,176
bobbie,giaccio,128
roselee,altum,73
max,boshers,269
annice,tumminello,123
danyel,iverson,265
deane,burda,178
julian,zarr,192
belen,barufaldi,101
shizue,alejandro,228
bernard,morant,87
kori,mcgarvie,250
zoraida,hardegree,176
cindi,dockter,298
rosario,lisherness,190
myrl,stmichel,158
shenita,anzideo,292
mollie,umphenour,159
antony,derego,155
myrtle,schur,149
heather,bybee,233
sharita,lumba,274
kenda,courie,275
bernetta,hammerstrom,190
jerrod,orbaker,214
neomi,crellin,155
shad,schur,244
porter,ajose,153
allyn,zarr,164
neva,sanzenbacher,126
moriah,yslas,151
young,delavega,260
jon,garlitz,89
ellamae,style,87
hermina,kittell,134
lesa,lovfald,136
lonna,wagler,84
deon,sculley,270
jonna,azoulay,219
jeana,kanniard,142
lindy,decandia,293
sheilah,vidler,85
buffy,hoover,282
kellie,caldon,243
allyn,lumba,99
chung,asar,216
carroll,shehee,270
karin,stroer,255
pamula,klinglesmith,287
regena,norkus,86
hosea,culpepper,134
chiquita,licudine,121
latesha,antoniuk,246
joycelyn,lovfald,296
jay,kube,230
clarissa,iarossi,168
deshawn,slawson,103
alyse,pfannenstiel,118
yuri,finnley,261
dee,schuerman,151
annalisa,mcgoey,129
meryl,happe,197
fermina,amadio,295
mollie,wessler,97
ardella,bittle,296
petronila,bergmeier,203
ferdinand,lovvorn,178
gracie,lichter,188
pamula,demman,188
evelynn,vollman,238
ulrike,verdiguel,209
shirlee,gutknecht,119
shona,gavula,237
wilton,scheppke,298
lynda,thorburn,182
misti,nutting,107
margareta,carlye,198
milford,hoglen,116
carola,winick,216
kizzy,kositzke,293
ardella,hoover,200
shad,pyland,93
anja,utterback,207
sean,gordin,163
fabian,olynger,100
rosendo,trost,276
myrtle,cords,88
taisha,vondielingen,238
magaret,cabanela,137
tifany,alfano,160
paulette,giacopelli,116
julian,utterback,134
ricki,rysavy,273
murray,nagg,95
rolando,glantz,78
anette,sorvig,148
filiberto,kube,263
rosendo,laye,160
dion,scivally,109
leticia,aurelia,187
cindi,laudadio,268
antonietta,trenor,218
otha,scivally,259
maryetta,paxman,194
tatum,stasiuk,104
bart,meierotto,179
filiberto,asar,191
dion,westrope,245
darren,cristino,279
chanelle,cassaday,70
terrell,lefore,242
clarine,lichter,106
moriah,oeltjen,291
valencia,stenslie,82
sheri,ciaccia,76
christin,dennig,283
melda,kittell,156
helene,moranda,244
bryon,verges,154
tora,toaston,248
jerrell,tomkiewicz,275
latrice,pastore,187
melvin,baumgart,119
wesley,pyland,114
freeman,klamert,110
dion,lazio,89
kary,yakow,257
kristi,lehtinen,128
zulma,mckendrick,97
monet,fletcher,256
shona,vidler,156
allyn,bellar,158
meryl,boshers,296
claudine,colfer,210
sherly,casale,194
timmy,carnett,121
elida,schlink,94
migdalia,stenslie,150
lili,dragone,201
marylou,sikkema,231
annmarie,courie,145
gwenda,geiser,171
mendy,alvarenga,248
florrie,blackstad,228
hollis,stacken,101
esteban,craton,158
tressa,metroka,253
donita,corino,179
christin,ilg,275
estefana,bolten,219
jon,style,105
karisa,mccoid,93
erwin,largen,167
otilia,gelen,279
mika,paxman,259
deane,horky,171
charline,boekelman,270
gwendolyn,kotterna,113
ardella,derito,117
vernetta,corrice,152
vernia,mcelhannon,248
magnolia,barufaldi,234
claudine,rubie,251
george,bizarro,161
gene,lagnese,263
everette,finnley,218
craig,rodenizer,285
mireya,rampadarat,252
rhonda,veltri,90
dong,andreu,178
kacy,andrzejczyk,139
violette,tewari,73
leonida,kirwin,182
jaqueline,wermers,264
treasa,schoenstein,297
catrice,johansen,89
jenniffer,crespino,226
sharita,schoenstein,188
mika,remiszewski,120
shanika,crespino,178
cori,olynger,239
scottie,gola,295
evelin,favela,95
anika,derosby,285
kristen,shoulder,196
joye,tierce,300
tatum,bornstein,200
chung,sorvig,73
machelle,sahm,243
nakesha,trumm,231
clarissa,bizarro,103
wanetta,swiney,124
roselee,tacderan,266
dee,culpepper,78
timmy,glendenning,82
kizzy,happe,132
loree,noujaim,217
george,maletz,177
kacy,leichty,127
granville,respess,78
catharine,cassaday,287
bryon,sinsabaugh,241
mitch,gemberling,107
jj,elliot,276
latrina,fraser,158
catrice,cassaday,248
deshawn,pyland,201
ester,giacopelli,144
francesca,ballejos,157
mitchell,knewtson,259
wanetta,caldon,253
carmel,largen,84
dion,craton,156
warren,hodel,91
cleotilde,koutras,165
mollie,primiano,87
bobbie,brinker,188
tijuana,kositzke,111
manie,swiney,129
ettie,points,215
hwa,gillice,280
taryn,laudadio,123
chung,cozzolino,169
otha,eubanks,194
rochelle,stehly,169
leonarda,landham,163
adrian,ziebol,94
anton,harmison,259
evelyn,meloan,199
taisha,howells,119
joey,alvarenga,148
erwin,sandoral,96
ardella,legere,125
tora,vasaure,188
clyde,kanniard,89
sean,althouse,262
glennis,demman,259
nick,pyland,279
moriah,garafola,90
susie,sikkema,132
epifania,ressler,154
anette,noujaim,74
mabelle,danniels,191
wilton,morosow,106
horace,bizarro,127
julieta,lisherness,85
pilar,fletcher,139
cherie,harmison,128
freeman,rubie,295
elida,kolding,99
eleonora,colyar,95
emil,laborde,199
otha,helker,127
shirlee,sculley,118
vinita,woodfork,189
jone,comins,177
dwain,hildreth,273
annalee,bruso,238
aurore,inniss,286
thea,bhatnagar,240
bart,yslas,109
pinkie,marcelin,114
kassie,cantakis,158
ester,cloney,156
dion,dunkan,193
merlene,helmkamp,250
paulette,survis,246
concha,dragula,269
jerrod,lehtinen,246
mavis,ziebol,149
connie,helfenbein,231
breanne,lefore,163
bernetta,romito,132
susie,tresler,117
cinderella,huckabay,185
taisha,degraw,135
horace,decandia,77
mabel,lovvorn,228
ferdinand,paxman,83
max,toaston,162
angelo,scivally,121
nila,ostrowski,163
lady,lattrell,148
machelle,swirsky,275
coral,brenneis,123
valentina,mcelhannon,186
jeanine,kealohanui,206
roselee,tami,140
cherry,mundschenk,116
bernetta,danniels,223
treasa,espinol,295
gracie,razey,131
anika,wessler,85
leonarda,adamowski,98
domitila,herout,259
manie,klinglesmith,98
treasa,carbonneau,99
rosann,woodfork,221
taisha,hemmelgarn,197
darrin,thrower,185
roselee,gemberling,257
anja,stockham,200
marlo,theroux,161
zola,lanclos,207
margart,stavis,285
racquel,nehmer,107
sean,cinkan,89
edna,snedegar,247
selma,stenbeck,208
adrian,schworm,134
mitchell,tinius,105
georgette,heinzig,165
darren,belletto,208
treasa,stasiuk,198
errol,bedlion,171
brenda,woolcock,216
helga,berisha,202
otilia,levitre,251
toby,woodley,230
erin,sellner,96
eula,points,207
tequila,hoglen,84
leandra,kotterna,197
marielle,dunkan,278
meryl,kanniard,295
diann,bittle,264
janis,coan,253
chun,derego,211
domenica,heibult,82
charline,aeschlimann,149
marilou,leverette,135
carola,cloney,216
mazie,baumgart,74
ngoc,devoti,295
martin,points,97
anika,harmison,73
shona,urbain,183
tyler,warholic,105
lois,poladian,241
darrin,neuse,213
nila,deale,179
mee,lovfald,116
claudine,fletcher,80
sonia,mcelhannon,179
margareta,marangoni,258
mavis,derego,202
evelyn,chandra,255
pamula,marte,228
hermina,thrower,157
tamie,carbonneau,233
otha,largen,248
merlene,battenfield,107
leandra,boshers,164
alda,alexiou,105
krystal,tierce,191
helaine,vanslooten,160
rosario,overland,288
natividad,koutras,109
latrice,crespino,246
jeanine,adamowski,84
granville,casale,188
eleonora,sherrill,254
korab,aguado,196
myrl,snedegar,102
kenda,kelch,227
christin,colfer,83
chance,norkus,121
joey,lovvorn,161
audria,piker,241
helen,style,63
jj,style,55
jj,style,60
jj,thebest,45
name,jeff,129
jackie,chan,129
james,bond,129
joey,thebestest,53
jj,style,52
jj,style,49
chuck,norris,49
jj,style,48
ai,hard,53
john,smith,129
test,name,56
joey,theok,55
